{"cameraMode":{"drawMode":0,"name":"Shaded","section":"Shading Mode"},"sceneLighting":true,"audioPlay":false,"sceneViewState":{"m_AlwaysRefresh":false,"showFog":true,"showSkybox":true,"showFlares":true,"showImageEffects":true,"showParticleSystems":true,"showVisualEffectGraphs":true,"m_FxEnabled":true},"in2DMode":false,"pivot":{"x":0.5856325030326843,"y":1.1067734956741334,"z":-3.029597043991089},"rotation":{"x":-0.062954843044281,"y":0.09923470765352249,"z":-0.0062938593327999119,"w":-0.9930625557899475},"size":0.319835364818573,"orthographic":false}